Carimbo de data/hora,Nome da Instituição:,CNES:,Data:,Responsável pelo preenchimento:,Quantidade de leitos clínicos SUS totais:,Quantidade de leitos clínicos SUS ocupados:,Quantidade de leitos clínicos convênios/particulares totais:,Quantidade de leitos clínicos convênios/particulares ocupados:,Quantidade de leitos cirúrgicos SUS totais:,Quantidade de leitos cirúrgicos SUS ocupados:,Quantidade de leitos cirúrgicos convênios/particulares totais:,Quantidade de leitos cirúrgicos convênios/particulares ocupados:,Quantidade de leitos pediátricos SUS totais:,Quantidade de leitos pediátricos SUS ocupados:,Quantidade de leitos pediátricos convênios/particulares totais:,Quantidade de leitos pediátricos convênios/particulares ocupados:,Quantidade de leitos de UTIA SUS totais:,Quantidade de leitos de UTIA SUS ocupados:,Quantidade de leitos de UTIA convênios/particulares totais:,Quantidade de leitos de UTIA convênios/particulares ocupados:,Quantidade de leitos de UTI Neo e Ped SUS totais:,Quantidade de leitos de UTI Neo e Ped SUS ocupados:,Quantidade de leitos de UTI Neo e Ped convênios/particulares totais:,Quantidade de leitos de UTI Neo e Ped convênios/particulares ocupados:,Quantidade de leitos de GO/obstetrícia SUS totais:,Quantidade de leitos de GO/obstetrícia SUS ocupados:,Quantidade de leitos de GO/obstetrícia convênios/particulares totais:,Quantidade de leitos de GO/obstetrícia convênios/particulares ocupados:,Quantidade de pacientes em isolamento que necessitam de quarto privativo (ex.: quartos com 02 leitos ocupados com apenas 01 paciente em isolamento):,Quantidade de leitos de UCINCo/UCINCa SUS totais:,Quantidade de leitos de UCINCo/UCINCa convênios/particulares ocupados:,Quantidade de leitos de UCINCo/UCINCa SUS ocupados:,Quantidade de leitos de UCINCo/UCINCa convênios/particulares totais:,Anexar censo diário por tipo de clínica (censo hospitalar gerado pelo sistema utilizado na instituição):,Coluna 1,Coluna 2,Coluna 3,Coluna 4,Coluna 5,Coluna 6
18/06/2025 16:47:00,SANTA CASA DE ITUVERAVA,2751704,18/06/2025,,32,29,16,4,5,7,3,8,4,1,2,2,9,8,1,1,0,0,0,0,4,1,4,3,,0,0,0,0,https://drive.google.com/open?id=1wk-NmG8ZfsSxpr20ZkXd85yRAZo_WvO4,,,,,,
18/06/2025 17:04:00,SANTA CASA DE MISERICÃ“RDIA DE SÃƒO JOAQUIM DA BARRA,2080044,18.06.2025,,44,33,24,8,10,5,7,3,4,0,2,0,8,7,2,3,0,0,0,0,12,2,8,0,,0,0,0,0,https://drive.google.com/open?id=11cp3f58t5i9V3Rqe3qeGTFLYNu7pJa1R,,,,,,
20/06/2025 14:27:00,Santa Casa de Franca,2705982,18/06/2025,,115,95,8,7,81,56,14,1,24,25,0,0,48,42,2,4,18,26,23,1,36,35,0,0,,17,0,13,1,https://drive.google.com/open?id=1-MwFzUuqYHozsxTiqW2X6fha2_8-M-u9,,,,,,
19/06/2025 14:31:00,SANTA CASA DE MISERICORDIA DE SAO JOAQUIM DA BARRA,2080044,19/06/2025,,44,26,16,8,10,4,7,1,4,1,2,0,8,8,2,1,0,0,0,0,12,2,8,0,,0,0,0,0,https://drive.google.com/open?id=1L15yukuzgyOvy0coDkkreNs6pcwuY11Y,,,,,,
20/06/2025 14:31:00,Santa Casa de Franca,2705982,19.06.2025,,115,100,8,7,81,46,14,2,24,25,0,0,48,38,2,3,24,23,1,0,36,33,0,0,,17,0,13,1,https://drive.google.com/open?id=18F0SDeLDDYokiBeAOjOeP8o4npVUfyso,,,,,,
20/06/2025 12:44:00,Santa Casa Ituverava,2751704,20.06.2025,,30,26,19,5,12,14,9,4,5,2,3,1,9,7,1,3,0,0,0,0,12,1,10,1,,0,0,0,0,https://drive.google.com/open?id=1iHt2awMU0w6zd_f4t7A96eWduTguDXXd,,,,,,
20/06/2025 14:17:00,SANTA CASA DE MISERICORDIA DE SÃƒO JOAQUIM DA BARRA,2080044,20/06/2025,,44,23,16,7,10,3,7,3,4,1,2,0,8,9,2,2,0,0,0,0,12,1,8,1,,0,0,0,0,https://drive.google.com/open?id=1pPvLKqepIEcvf8KVHYr8a7XGSK8BMAqE,,,,,,
20/06/2025 14:34:00,SANTA CASA DE FRANCA,2705982,20.06.2025,,115,103,8,8,81,50,14,1,24,26,0,0,48,42,2,3,24,18,1,0,36,34,0,0,,17,0,12,1,https://drive.google.com/open?id=1_QTiAjcLQjlPBT8HyyvQRWo3gJDeP2PM,,,,,,
21/06/2025 11:45:00,Santa Casa de Ituverava,2751705,21.06.2025,,30,28,19,4,11,5,8,4,4,3,2,1,9,6,1,4,0,0,0,0,11,1,10,1,,0,0,0,0,https://drive.google.com/open?id=15f34Q1vL-8NnESaK9XfFzWrOFcLKgSzy,,,,,,
21/06/2025 13:57:00,SANTA CASA DE FRANCA,2705982,21/06/2025,,115,94,8,8,81,47,14,0,24,25,0,0,48,40,2,2,24,18,1,0,36,32,0,0,,17,0,11,1,https://drive.google.com/open?id=1ueZKxQM9XFeblyEYoeEUuiQV2xdobYm8,,,,,,
21/06/2025 13:58:00,SANTA CASA DE MISERICORDIA DE SÃƒO JOAQUIM DA BARRA,2080044,21.06.2025,,44,23,16,6,10,4,7,3,4,3,2,0,8,8,2,2,0,0,0,0,12,1,8,1,,0,0,0,0,https://drive.google.com/open?id=197AxEB8HuWI6Yq6pxbG-iVEjvXRm-IBv,,,,,,
22/06/2025 14:57:00,SANTA CASA DE MISERICORDIA DE SÃƒO JOAQUIM DA BARRA,2080044,22.06.2025,,44,23,16,4,10,1,7,5,4,2,2,0,8,8,2,3,0,0,0,0,12,0,8,0,,0,0,0,0,https://drive.google.com/open?id=1S2d1nru1XIcGhsaj1ulPVNCDtGlQ51-P,,,,,,
23/06/2025 08:10:00,Santa Casa de Franca,2705982,22/06/2025,,115,95,8,7,81,49,14,1,24,25,0,0,48,34,2,3,24,16,1,0,36,32,0,0,,17,0,12,1,https://drive.google.com/open?id=1AzKKRZOngCLcTqZNG79HuWPhwmta5F6W,,,,,,
23/06/2025 11:01:00,Santa Casa de Ituverava,2751704,23/06/2025,,30,25,19,6,11,13,8,3,5,3,3,0,9,6,1,4,0,0,0,0,12,0,10,0,,0,0,0,0,https://drive.google.com/open?id=1rB3IEUHFy2Qg_XsyVY0KDnIA4Dbk7w7N,,,,,,
23/06/2025 13:16:00,SANTA CASA DE MISERICORDIA DE SÃƒO JOAQUIM DA BARRA,2080044,23.06.2025,,44,25,16,6,10,6,7,7,4,2,2,0,8,8,2,2,0,0,0,0,12,0,8,0,,0,0,0,0,https://drive.google.com/open?id=1vCSJyiPbuE_q3GQ7oRvwd5h4z77AQING,,,,,,
23/06/2025 14:03:00,Santa Casa de FRanca,2705982,23/06/2025,,115,100,8,7,81,53,14,3,24,27,0,0,48,36,2,6,24,18,1,0,36,31,0,0,,17,0,14,1,https://drive.google.com/open?id=1q7iWSr_XUdeEprF2AsbaZ0RwWU1W3nuM,,,,,,
24/06/2025 12:18:00,Santa Casa de Ituverava,2751704,24/06/2025,,30,29,19,3,11,2,8,3,5,1,3,2,9,6,1,3,0,0,0,0,12,1,10,1,,0,0,0,0,https://drive.google.com/open?id=12meB_wlz8PXClFvDP70QfcCjr7lAIup0,,,,,,
24/06/2025 13:43:00,Santa Casa de Franca,2705982,24.06.2025,,115,100,8,7,81,53,14,3,24,27,0,0,48,36,2,6,24,18,1,0,36,31,0,0,,17,0,14,1,https://drive.google.com/open?id=1Ry8MIy9uH6iI30K8tXf3QpQu27EWzNOn,,,,,,
24/06/2025 13:43:00,SANTA CASA DE MISERICORDIA DE SÃƒO JOAQUIM DA BARRA,2080044,24/06/2025,,44,29,16,5,10,10,7,4,4,0,2,0,8,8,2,2,0,0,0,0,12,0,8,0,,0,0,0,0,https://drive.google.com/open?id=1l_idVNFWvgtPRSbxOP3f3FlWDS5FRYDv,,,,,,
25/06/2025 11:04:00,Santa Casa Ituverava,2751704,25/06/2025,,30,23,19,2,11,3,8,4,5,1,3,0,9,6,1,4,0,0,0,0,12,2,10,1,,0,0,0,0,https://drive.google.com/open?id=1u_E-pSPHUd8tAK2eXT2EJ1HVvsyUMSKN,,,,,,
25/06/2025 14:22:00,Santa Casa de Franca,2705982,25.06.2025,,115,93,8,7,81,63,14,7,24,20,0,0,48,41,2,6,24,18,1,0,36,32,0,0,,17,0,14,1,https://drive.google.com/open?id=1laaHGhIJqfd5Q7nq2ITnjC9-r7cxVGWM,,,,,,
26/06/2025 10:34:00,Santa Casa de Ituverava,2751704,26.06.2025,,30,23,19,7,11,6,8,3,5,2,3,0,9,7,1,3,0,0,0,0,12,3,10,0,,0,0,0,0,https://drive.google.com/open?id=1Azk_BpdMy6YBmfKS0iCEuad7sv7RG3xz,,,,,,
26/06/2025 13:37:00,Santa Casa de Franca,2705982,26/06/2025,,115,94,8,7,81,67,14,6,24,23,0,0,48,40,2,5,24,21,1,0,36,34,0,0,,17,0,13,1,https://drive.google.com/open?id=1YAjBMKGPg8hdpByertOXOMLqXCIXR5ZA,,,,,,
26/06/2025 14:55:00,SANTA CASA DE MISERICORDIA DE SÃƒO JOAQUIM DA BARRA,2080044,26.06.2025,,44,28,16,7,10,7,7,4,4,0,2,0,8,8,2,2,0,0,0,0,12,1,8,1,,0,0,0,0,https://drive.google.com/open?id=1KRlAT3Hbr1h8W8ySp6ntzXuNig2nYmau,,,,,,
27/06/2025 11:33:00,Santa Casa de Ituverava,2751704,27.06.2025,,30,23,19,8,11,13,8,1,5,2,3,0,9,8,1,2,0,0,0,0,12,2,10,0,,0,0,0,0,https://drive.google.com/open?id=1Qt62pZI-y11-3RbgOrQG_eEw45MqYDQw,,,,,,
27/06/2025 13:39:00,Santa Casa de Franca,2705982,27/06/2025,,115,93,8,9,81,65,14,1,24,23,0,0,48,44,2,5,24,21,1,0,36,29,0,0,,17,0,12,1,https://drive.google.com/open?id=1vVYOwJ33lvKGIkmfpMugbB8c9orC8f6j,,,,,,
27/06/2025 14:11:00,SANTA CASA DE MISERICORDIA DE SÃƒO JOAQUIM DA BARRA,2080044,27.06.2025,,44,28,16,8,10,5,7,1,4,0,2,0,8,9,2,2,0,0,0,0,12,2,8,4,,0,0,0,0,https://drive.google.com/open?id=1_Ih5yOD5oivQrk_Zvfv_pn1J7rnqkLV6,,,,,,
28/06/2025 12:05:00,Santa Casa de Ituverava,2751704,28.06.2025,,30,19,19,9,11,9,8,1,5,1,3,0,9,7,1,2,0,0,0,0,12,1,10,0,,0,0,0,0,https://drive.google.com/open?id=1UI9-wgJsL1ianfMMSylsp9s6NaGRhqQx,,,,,,
28/06/2025 13:51:00,SANTA CASA DE FRANCA,2705982,28/06/2025,,115,89,8,10,81,66,14,3,24,21,0,0,48,39,2,5,24,21,1,0,36,29,0,0,,17,0,12,1,https://drive.google.com/open?id=1TPnHDUeIi6vB8OZqzsUMBxPnmaTHg65q,,,,,,
28/06/2025 14:32:00,SANTA CASA DE MISERICORDIA DE SÃƒO JOAQUIM DA BARRA,2080044,28.06.2025,,44,31,16,7,10,2,7,3,4,1,2,0,8,6,2,2,0,0,0,0,12,1,8,2,,0,0,0,0,https://drive.google.com/open?id=1WYX6WOnItOkWeWD-ZwdboGPecAIn44bU,,,,,,
29/06/2025 13:52:00,SANTA CASA DE FRANCA,2705982,29.06.2025,,115,90,8,11,81,64,14,4,24,22,0,0,48,39,2,3,24,21,1,0,36,31,0,0,,17,0,12,1,https://drive.google.com/open?id=1HItL1o4_WU0MlYglNz8KVkGnT4rsIfnx,,,,,,
30/06/2025 10:19:00,Santa Casa Ituverava,2751704,30.06.2025,,30,22,19,7,11,7,8,1,5,1,3,1,9,7,1,3,0,0,0,0,12,1,10,2,,0,0,0,0,https://drive.google.com/open?id=1c7xdaJNICkHNMzjZ1smZlk7eF9mf51Df,,,,,,
30/06/2025 14:45:00,SANTA CASA DE MISERICORDIA DE SÃƒO JOAQUIM DA BARRA,2080044,30/06/2025,,44,38,16,8,10,10,7,7,4,2,2,0,8,5,2,3,0,0,0,0,12,0,8,1,,0,0,0,0,https://drive.google.com/open?id=1ReIrv6MTBqBaDugocOUTnJYfPLCfClWl,,,,,,
01/07/2025 16:29:00,Santa Casa de Franca,2705982,30.06.2025,,115,122,8,8,81,94,14,5,24,27,0,0,48,41,2,2,24,21,1,0,36,38,0,0,,18,0,15,0,https://drive.google.com/open?id=1AZ0PB7kQs8JZxIH4seoCVaWkluiN_-Dw,,,,,,
01/07/2025 11:46:00,Santa Casa de Ituverava,2751704,01.07.2025,,30,24,19,7,11,14,8,3,5,1,3,2,9,6,1,3,0,0,0,0,12,0,10,2,,0,0,0,0,https://drive.google.com/open?id=1pKpClxnA_8Srcj_bC-D2ojEMRx4ml7NS,,,,,,
01/07/2025 14:56:00,SANTA CASA DE MISERICORDIA DE SÃƒO JOAQUIM DA BARRA,2080044,01/07/2025,,44,35,16,9,10,11,7,11,4,2,2,0,8,7,2,4,0,0,0,0,12,2,8,3,,0,0,0,0,https://drive.google.com/open?id=1rMjd0IsFLI-vXcGQGVJus4roEiFybhUb,,,,,,
01/07/2025 16:34:00,Santa Casa de FRanca,27059872,01.07.2025,,115,112,8,8,81,112,14,5,24,26,0,0,48,41,2,2,24,21,1,0,36,37,0,0,,18,0,15,0,https://drive.google.com/open?id=1knTxehjiOaprvwB0VoQA38HA-Ez-pHQ0,,,,,,
02/07/2025 10:58:00,Santa Casa de FRanca,2705982,02.07.2025,,115,118,8,8,81,110,14,8,24,24,0,0,48,42,2,2,24,19,1,0,36,26,0,0,,18,0,16,0,https://drive.google.com/open?id=1DHPC1O7uj17yOSc4_4lt46Iehff2ds5E,,,,,,
02/07/2025 11:57:00,SANTA CASA ITUVERAVA,2751704,02/07/2025,,30,24,19,5,11,10,8,6,5,2,3,0,9,6,1,2,0,0,0,0,12,7,10,1,,0,0,0,0,https://drive.google.com/open?id=1BpYV5pJ32527N5V-PxMM8zLVgYgfqaI5,,,,,,
02/07/2025 15:42:00,SANTA CASA DE MISERICORDIA DE SÃƒO JOAQUIM DA BARRA,2080044,02.07.2025,,43,35,16,9,10,6,7,5,4,3,2,0,8,7,2,4,0,0,0,0,12,2,8,3,,0,0,0,0,https://drive.google.com/open?id=1oOoFEfHOgUMKprCBe0efONvAk2PIocG3,,,,,,
03/07/2025 11:19:00,Santa Casa Ituverava,2751704,03.07.2025,,30,22,19,5,11,6,8,2,5,1,3,0,9,7,1,3,0,0,0,0,12,8,10,2,,0,0,0,0,https://drive.google.com/open?id=1noQpJMHCwuI8v751iVXpii3-S-YwhbMx,,,,,,
03/07/2025 11:23:00,Santa Casa de Franca,2705982,03/07/2025,,115,113,8,8,81,98,14,13,24,26,0,0,48,39,2,2,24,21,1,0,36,45,0,0,,18,0,18,0,https://drive.google.com/open?id=1NDbaLKEgSoku5z-1C0vcTe6Y8-W95mLf,,,,,,
03/07/2025 14:40:00,SANTA CASA DE MISERICORDIA DE SÃƒO JOAQUIM DA BARRA,2080044,03.07.2025,,43,35,16,9,10,10,7,3,4,4,2,2,8,8,2,4,0,0,0,0,12,1,8,2,,0,0,0,0,https://drive.google.com/open?id=1K3_l-tEBP7l-wG2XCEVOCLdqsBH7c485,,,,,,
04/07/2025 11:46:00,Santa Casa Ituverava,2751704,04.07.2025,,30,19,19,8,11,5,8,2,5,0,3,1,9,8,1,2,0,0,0,0,12,2,9,0,,0,0,0,0,https://drive.google.com/open?id=1094Dscup-m-4_XSnSSjk-alukiqMa2tO,,,,,,
04/07/2025 13:39:00,Santa Casa de Franca,2705982,04/07/2025,,115,121,8,8,81,65,14,5,24,17,0,0,48,44,2,2,24,15,1,0,36,35,0,0,,18,0,15,0,https://drive.google.com/open?id=1gWfXgeWxTB82AsVkhjgWzC4GpJmiBVcd,,,,,,
04/07/2025 15:34:00,SANTA CASA DE MISERICORDIA DE SÃƒO JOAQUIM DA BARRA,2080044,04.07.2025,,43,34,16,7,10,6,7,2,4,2,2,0,8,9,2,3,0,0,0,0,12,2,8,3,,0,0,0,0,https://drive.google.com/open?id=1TXCFqFJGQFwwyBZdQu5qKqLR89HfdvL2,,,,,,
05/07/2025 11:24:00,Santa Casa Ituverava,2751704,05.07.2025,,30,23,19,6,11,4,8,1,5,0,3,1,9,8,1,2,0,0,0,0,12,0,9,0,,0,0,0,0,https://drive.google.com/open?id=108NVrrx4XNJ2_iyaoNw_qSo6D0d36jYl,,,,,,
05/07/2025 14:33:00,SANTA CASA DE MISERICORDIA DE SÃƒO JOAQUIM DA BARRA,2080044,05/07/2025,,43,34,16,4,10,3,7,2,4,2,2,0,8,6,2,4,0,0,0,0,12,0,8,1,,0,0,0,0,https://drive.google.com/open?id=1B1bzPBeo1m1ulz7BOEW8fRB6g4HVsFkQ,,,,,,
07/07/2025 08:15:00,Santa Casa de Franca,2705982,05.07.2025,,115,123,8,8,81,66,14,4,24,25,0,0,48,43,2,2,24,23,1,0,36,30,0,0,,18,0,17,0,https://drive.google.com/open?id=1kxCX3cD6imRodQjlzrbeur3QqU8pV13c,,,,,,
06/07/2025 12:48:00,SANTA CASA DE MISERICORDIA DE ITUVERAVA,2751704,06.07.2025,,30,226,19,6,11,4,8,0,5,0,3,0,9,6,1,4,0,0,0,0,12,1,9,1,,0,0,0,0,https://drive.google.com/open?id=1Z4XaHjeOnorcZoLU9StEX_ZRnf70HOW_,,,,,,
06/07/2025 14:36:00,SANTA CASA DE MISERICORDIA DE SÃƒO JOAQUIM DA BARRA,2080044,06/07/2025,,43,28,16,3,10,2,7,1,4,1,2,0,8,7,2,4,0,0,0,0,12,0,8,0,,0,0,0,0,https://drive.google.com/open?id=1DfWvoKyZ1j-VWmNOGzOi2gQE4Wtr7Fcr,,,,,,
07/07/2025 08:24:00,Santa Casa de Franca,2705982,06.07.2025,,115,131,8,8,81,67,14,6,24,25,0,0,48,43,2,2,24,22,1,0,36,28,0,0,,18,0,15,0,https://drive.google.com/open?id=1xfK841__0JDYnQ69x-3mJ-PZLFgVQNP5,,,,,,
07/07/2025 11:08:00,Santa Casa Ituverava,2751704,07.07.2025,,30,22,19,6,11,4,9,0,5,0,3,2,9,6,1,3,0,0,0,0,12,2,9,2,,0,0,0,0,https://drive.google.com/open?id=146m-Sil_rUfOpPMp-R7MUF8sX1aISL_J,,,,,,
07/07/2025 11:12:00,Santa Casa de Franca,2705982,07/07/2025,,115,131,8,8,81,74,14,6,24,24,0,0,48,43,2,2,24,21,1,0,36,32,0,0,,18,0,15,0,https://drive.google.com/open?id=1jAfETPR_8qfIUTRIzGZtXs287YNQkZlt,,,,,,
07/07/2025 14:11:00,SANTA CASA DE MISERICORDIA DE SÃƒO JOAQUIM DA BARRA,2080044,07.07.2025,,43,26,16,4,10,5,7,2,4,1,2,0,8,8,2,2,3,0,0,0,12,0,8,0,,0,0,0,0,https://drive.google.com/open?id=1bd2YHc32UXdMEjzxTAWNusw0_qcjFah-,,,,,,
08/07/2025 10:49:00,Santa Casa de Franca,2705982,08.07.2025,,115,131,8,8,81,98,14,6,24,24,0,0,48,43,2,2,24,22,1,0,36,47,0,0,,18,0,15,0,https://drive.google.com/open?id=1kc9lRHiHmNCz_w5fyx1RIJYR6ZBWM-Mn,,,,,,
08/07/2025 12:23:00,Santa Casa Ituverava,2751704,08/07/2025,,30,19,19,7,11,3,8,3,5,1,3,2,9,6,1,3,0,0,0,0,12,3,9,1,,0,0,0,0,https://drive.google.com/open?id=1h2fi7PHbDTC63W9fW0M5n9nHsUhRVIsi,,,,,,
08/07/2025 16:22:00,SANTA CASA DE MISERICORDIA DE SÃƒO JOAQUIM DA BARRA,2080044,08.07.2025,,43,30,16,5,10,3,7,11,4,3,2,0,8,7,2,4,0,0,0,0,12,1,8,1,,0,0,0,0,https://drive.google.com/open?id=1LeaWgD39oAmV-NVSNUVDedSkheKTnDkW,,,,,,
09/07/2025 10:33:00,SANTA CASA DE ITUVERAVA,2751704,09.07.2025,,30,2002,19,7,11,2,8,1,5,1,3,2,9,5,1,3,0,0,0,0,12,2,9,1,,0,0,0,0,https://drive.google.com/open?id=1zkB5NCnOQHoK0SX-9Mb4nT-hWSZdC9l0,,,,,,
09/07/2025 14:57:00,SANTA CASA DE MISERICORDIA DE SÃƒO JOAQUIM DA BARRA,2080044,09/07/2025,,43,26,16,2,10,1,7,4,4,3,2,0,8,7,2,5,0,0,0,0,12,2,8,1,,0,0,0,0,https://drive.google.com/open?id=1wZQvQ1CEyg2ECiape-M0P50n_nWyNiRy,,,,,,
10/07/2025 07:44:00,SANTA CASA DE FRANCA,2705982,09.07.2025,,115,117,8,8,81,99,14,8,24,24,0,0,48,41,2,2,24,21,1,0,36,38,0,0,,18,0,14,0,https://drive.google.com/open?id=1RJA_e5vrDaVK0ZIeIoB0sutU7ImB0J3B,,,,,,
10/07/2025 10:35:00,Santa Casa Ituverava,2751704,10.07.2025,,30,19,19,6,11,5,8,3,5,1,3,1,9,6,1,4,0,0,0,0,12,1,9,1,,0,0,0,0,https://drive.google.com/open?id=1dQN8fwkODDCb-uZscG2HilcGKMjljk0j,,,,,,
10/07/2025 11:23:00,Santa Casa de Franca,2705982,10/07/2025,,115,111,8,7,81,93,14,7,24,25,0,1,48,37,2,2,24,21,1,0,36,52,0,0,,18,0,15,0,https://drive.google.com/open?id=1wmHHz1wGjoQsWPeUqKTV7X4rHTxlhnv9,,,,,,
10/07/2025 15:35:00,SANTA CASA DE MISERICORDIA DE SÃƒO JOAQUIM DA BARRA,2080044,10.07.2025,,43,27,16,4,10,4,7,3,4,3,2,0,8,7,2,4,0,0,0,0,12,2,8,0,,0,0,0,0,https://drive.google.com/open?id=1myLqZ2-vV07lmrj8UzDYLGRq1m0C18ZL,,,,,,
11/07/2025 11:56:00,Santa Casa Ituverava,2751407,11.07.2025,,30,26,19,10,11,8,8,1,5,1,3,1,9,6,1,1,0,0,0,0,12,4,9,2,,0,0,0,0,https://drive.google.com/open?id=1A2UtAaXvsZ752D5GhUfseVXTHGuvgM2g,,,,,,
11/07/2025 11:58:00,Santa Casa de Franca,2705982,11/07/2025,,115,109,8,8,81,88,14,6,24,28,0,0,48,41,2,2,24,18,1,0,36,44,0,0,,18,0,18,0,https://drive.google.com/open?id=10SX2zBb0XHpXs-M9hAIfyAzngglWFhLf,,,,,,
11/07/2025 14:32:00,SANTA CASA DE MISERICORDIA DE SÃƒO JOAQUIM DA BARRA,2080044,11.07.2025,,43,27,16,6,10,6,7,3,4,3,2,1,8,8,2,4,0,0,0,0,12,1,8,1,,0,0,0,0,https://drive.google.com/open?id=1Jo6dw2XjRR4A77l_4XFqDh-cuhyKFc78,,,,,,
12/07/2025 11:46:00,Santa Casa Ituverava,2751704,12.07.2025,,30,21,19,9,11,7,8,2,5,0,3,0,9,8,1,1,0,0,0,0,12,1,9,1,,0,0,0,0,https://drive.google.com/open?id=1khILEP78DWB0-M17spf-2NDMY_bHNWl2,,,,,,
14/07/2025 07:43:00,Santa Casa de Franca,2705982,12/07/2025,,115,102,8,8,81,78,14,10,24,26,0,0,48,34,2,2,24,18,1,0,36,44,0,0,,18,0,15,0,https://drive.google.com/open?id=1Oic0pXNAyAE1vkM6lFJAD_1shDynumGp,,,,,,
13/07/2025 11:51:00,SANTA CASA DE MISERICORDIA DE ITUVERAVA,2751704,13/07/2025,,36,17,16,6,36,3,16,0,5,0,3,0,10,9,2,2,0,0,0,0,12,5,1,1,,0,0,0,0,https://drive.google.com/open?id=10o6MeW6OMYYLUG6zQDIHQfhZhjkd1w7M,,,,,,
14/07/2025 11:44:00,Santa Casa de FRanca,2705982,14/07/2025,,115,111,8,7,81,79,14,8,24,20,0,0,48,29,2,2,24,15,1,0,36,35,0,0,,18,0,17,0,https://drive.google.com/open?id=1Hk0Cqcf2lZY4yXgk0TpbHgzi-gPr1Hrb,,,,,,
14/07/2025 11:59:00,Santa Casa Ituverava,2751704,14.07.2025,,30,16,19,6,11,7,8,1,5,0,3,0,9,6,1,3,0,0,0,0,12,2,9,0,,0,0,0,0,https://drive.google.com/open?id=1E32vk0rfV_fFon5sZ4g-fBncU6gJticF,,,,,,
14/07/2025 14:23:00,SANTA CASA DE MISERICORDIA DE SÃƒO JOAQUIM DA BARRA,2080044,14/07/2025,,43,29,16,8,10,10,7,5,4,3,2,1,8,6,2,1,0,0,0,0,12,2,8,0,,0,0,0,0,https://drive.google.com/open?id=129lN4B4Bh9lom5vdxfrjI2eyuYhNk8mE,,,,,,
15/07/2025 11:11:00,Santa Casa de FRanca,2705982,15/07/2025,,115,112,8,7,81,82,14,7,24,21,0,0,48,33,2,2,24,14,1,0,36,32,0,0,,18,0,17,0,https://drive.google.com/open?id=1AUntyMxtt2A1WoOMFhYcHnGWpT61tteL,,,,,,
15/07/2025 12:18:00,Santa Casa Ituverava,2751704,15.07.2025,,30,19,19,6,11,12,8,1,5,0,3,0,9,7,1,3,0,0,0,0,12,5,9,2,,0,0,0,0,https://drive.google.com/open?id=1ICd6JvOuMGRLLXxa3VEoUPoXZcjlMMzp,,,,,,
15/07/2025 15:26:00,SANTA CASA DE MISERICORDIA DE SÃƒO JOAQUIM DA BARRA,2080044,15/07/2025,,43,24,16,11,10,8,7,6,4,4,2,0,8,7,2,1,0,0,0,0,12,4,8,0,,0,0,0,0,https://drive.google.com/open?id=1qdNCD-N37bwEFcM55PCTbSfBkiCGWfAz,,,,,,
16/07/2025 09:05:00,SANTA CASA DE MISERICORDIA DE ITUVERAVA,2751704,16/07/2025,,30,7,19,7,11,9,8,3,3,1,3,0,9,10,1,0,0,0,0,0,12,1,9,0,,0,0,0,0,https://drive.google.com/open?id=1wCFQFt5Hb_kWtlEA53zRyeGglfaRMprT,,,,,,
16/07/2025 11:15:00,Santa Casa de Franca,2705982,16.07.2025,,115,117,8,8,81,81,14,11,24,20,0,0,48,35,2,2,24,15,1,0,36,39,0,0,,18,0,17,0,https://drive.google.com/open?id=15NKBnEI-ETVISjDfbyahEkEJDy4GkaxI,,,,,,
16/07/2025 14:21:00,SANTA CASA DE MISERICORDIA DE SÃƒO JOAQUIM DA BARRA,2080044,16/07/2025,,43,26,16,10,10,13,7,6,4,5,2,1,8,6,2,1,0,0,0,0,12,1,8,0,,0,0,0,0,https://drive.google.com/open?id=10J6o5m4V82AdMtwIfE4V_QNcYL5C9gMg,,,,,,
17/07/2025 11:16:00,SAnta Casa de FRanca,2705982,17/07/2025,,115,116,8,7,81,81,14,9,24,22,0,0,48,32,2,2,24,14,1,0,36,36,0,0,,18,0,17,0,https://drive.google.com/open?id=1L0HLbUrMrD0GdsTpnoYVsShkuJJGHuxu,,,,,,
17/07/2025 12:07:00,Santa Casa Ituverava,2751704,17.07.2025,,30,18,19,6,11,5,8,4,5,0,3,0,9,8,1,1,0,0,0,0,12,2,9,2,,0,0,0,0,https://drive.google.com/open?id=15ehyM5SRg4Z9TIQ3e0mUeXNl3dRIlcI6,,,,,,
17/07/2025 14:00:00,SANTA CASA DE MISERICORDIA DE SÃƒO JOAQUIM DA BARRA,2080044,17/07/2025,,43,27,16,8,10,6,7,2,4,5,2,0,8,8,2,1,0,0,0,0,12,4,8,0,,0,0,0,0,https://drive.google.com/open?id=1CyEysP_VtF3r6DtMtPmAkgBGKPRCM-IX,,,,,,
18/07/2025 10:51:00,Santa Casa de Franca,2705982,18/07/2025,,115,114,8,8,81,88,14,7,24,21,0,0,48,31,2,2,24,12,1,0,36,40,0,0,,18,0,16,0,https://drive.google.com/open?id=1vjwj3y3hSnBIiZ2ktSzfHrmw95f7ZPBH,,,,,,
18/07/2025 12:03:00,Santa Casa Ituverava,2704704,18.07.2025,,30,22,19,3,11,10,8,1,5,0,3,0,9,9,1,1,0,0,0,0,12,5,9,2,,0,0,0,0,https://drive.google.com/open?id=1nOa-kA6BNVZFSALlh7i01yxITOGQ0i8f,,,,,,
18/07/2025 13:51:00,SANTA CASA DE MISERICORDIA DE SÃƒO JOAQUIM DA BARRA,2080044,18/07/2025,,43,31,16,10,10,6,7,2,4,5,2,0,8,8,2,1,0,0,0,0,12,4,8,0,,0,0,0,0,https://drive.google.com/open?id=1ETrbbTjKM4JE9tV2Uwo_Qc8NWdN9lX13,,,,,,
19/07/2025 09:59:00,SANTA CASA DE MISERICORDIA DE ITUVERAVA,2751704,19/07/2025,,30,24,19,1,11,8,8,8,5,5,3,3,9,10,1,1,0,0,0,0,12,3,5,2,,0,0,0,0,https://drive.google.com/open?id=1bcILUqiBb4k_7byfIV_5dImNJRaEyCq1,,,,,,
19/07/2025 14:28:00,SANTA CASA DE MISERICORDIA DE SÃƒO JOAQUIM DA BARRA,2080044,19.07.2025,,43,30,16,5,10,5,7,1,4,4,2,0,8,7,2,2,0,0,0,0,12,2,8,1,,0,0,0,0,https://drive.google.com/open?id=1VmmB5VfX8_n2BfjvA9DqNRxSxtApsfEZ,,,,,,
20/07/2025 17:07:00,SANTA CASA DE MISERICORDIA DE ITUVERAVA,2751704,20.07.2025,,30,13,19,7,11,5,8,1,5,2,3,0,9,10,1,1,0,0,0,0,12,2,9,0,,0,0,0,0,https://drive.google.com/open?id=1at31PvGS0r7a4Bp8TXsEsA8mni1PvI7e,,,,,,
21/07/2025 10:34:00,Santa Casa de FRanca,27805982,20/07/2025,,115,102,8,6,81,62,14,7,24,16,0,0,48,30,2,2,24,17,1,0,36,33,0,0,,18,0,17,0,https://drive.google.com/open?id=1eZFjBesvb4sISJu_NsxoCYsiwoLYY4_b,,,,,,
21/07/2025 11:03:00,Santa Casa de Franca,2705982,21/07/2025,,115,98,8,5,81,71,14,6,24,17,0,0,48,32,2,2,24,17,1,0,36,39,0,0,,18,0,13,0,https://drive.google.com/open?id=146_HgOnoltGLaorKHmVrgKuC0KAREXx0,,,,,,
21/07/2025 12:21:00,Santa Casa Ituverava,2751704,21.07.2025,,30,26,19,5,11,6,8,2,5,1,3,0,9,7,1,2,0,0,0,0,12,4,9,1,,0,0,0,0,https://drive.google.com/open?id=1UsvGm8TbUTyn06fifS9Wl6xvEUwqnwEQ,,,,,,
21/07/2025 14:27:00,SANTA CASA DE MISERICORDIA DE SÃƒO JOAQUIM DA BARRA,2080044,21/07/2025,,43,27,16,5,10,7,7,5,4,3,2,0,8,8,2,2,0,0,0,0,12,0,8,1,,0,0,0,0,https://drive.google.com/open?id=1_v4osB1H2JT3BK-cWazmGz2oCRCGNlmA,,,,,,
22/07/2025 11:19:00,Santa Casa de Franca,2705982,22.07.2025,,115,117,8,7,81,94,14,6,24,18,0,0,48,40,2,2,24,15,1,0,36,37,0,0,,18,0,14,0,https://drive.google.com/open?id=1sFQ30WYjymeKilGxyn_r8Fea3N-fqETO,,,,,,
22/07/2025 12:33:00,Santa Casa Ituverava,2751704,22/07/2025,,30,28,19,2,11,8,8,2,5,3,3,0,9,8,1,1,0,0,0,0,12,5,9,3,,0,0,0,0,https://drive.google.com/open?id=1TaE-MRheAUF5lbV-dEWSH7rkZKuyvpGb,,,,,,
22/07/2025 14:38:00,SANTA CASA DE MISERICORDIA DE SÃƒO JOAQUIM DA BARRA,2080044,22.07.2025,,43,27,16,7,10,9,7,7,4,2,2,0,8,7,2,1,0,0,0,0,12,0,8,0,,0,0,0,0,https://drive.google.com/open?id=1fpk7uXAgbGOE3vk9VeQc6BmUHI1rbSN6,,,,,,
23/07/2025 11:09:00,Santa Casa de FRanca,2705982,23/07/2025,,115,121,8,8,81,96,14,7,24,24,0,0,48,42,2,2,24,15,1,0,36,41,0,0,,18,0,12,0,https://drive.google.com/open?id=19E32fv3oDvDTNVum1wCWQpZBs930VE2Q,,,,,,
23/07/2025 11:45:00,Santa Casa Ituverava,2751704,23.07.2025,,30,27,19,6,11,6,8,4,5,3,3,0,9,10,1,0,0,0,0,0,12,4,9,2,,0,0,0,0,https://drive.google.com/open?id=18VcONxwhRjfZ39dWOmUZ5JNXZ2bKkvqq,,,,,,
23/07/2025 15:07:00,SANTA CASA DE MISERICORDIA DE SÃƒO JOAQUIM DA BARRA,2080044,23/07/2025,,43,34,16,7,10,3,7,7,4,2,2,0,8,7,2,1,0,0,0,0,12,2,8,0,,0,0,0,0,https://drive.google.com/open?id=1BBF1NScgAnitboViTqKucmE_CjoREMcm,,,,,,
24/07/2025 10:50:00,Santa Casa de Franca,2705982,24.07.2025,,115,123,8,3,81,80,14,6,24,28,0,0,48,39,2,2,24,15,1,0,36,45,0,0,,18,0,12,0,https://drive.google.com/open?id=1VMJ94ZI4DT1SAeTy8x4OgNnGHlKAqiTP,,,,,,
24/07/2025 12:17:00,Santa Casa Ituverava,2751704,24/07/2025,,30,27,19,5,11,8,8,2,5,5,3,0,9,10,1,0,0,0,0,0,12,7,9,2,,0,0,0,0,https://drive.google.com/open?id=1DUqOfNY5OjFS0A-kH0BmVtKkT39h1JsW,,,,,,
24/07/2025 14:53:00,SANTA CASA DE MISERICORDIA DE SÃƒO JOAQUIM DA BARRA,2080044,24.07.2025,,43,34,16,8,10,6,7,5,4,2,2,0,8,6,2,1,0,0,0,0,12,3,8,1,,0,0,0,0,https://drive.google.com/open?id=1v3VPjHt42LfbdB8Ygs-lMJSkSBto1bqe,,,,,,
25/07/2025 10:14:00,Santa Casa de FRanca,2705982,25/07/2025,,115,118,8,6,81,76,14,5,24,28,0,0,48,41,2,2,24,15,1,0,36,39,0,0,,18,0,10,0,https://drive.google.com/open?id=1P89McbGHXtjWwjLZqkw54hA_n5v6ecsH,,,,,,
25/07/2025 12:02:00,Santa Casa Ituverava,2751704,25.07.2025,,30,24,19,4,11,4,8,3,5,4,3,1,9,10,1,0,0,0,0,0,12,3,9,3,,0,0,0,0,https://drive.google.com/open?id=1a607zyfYBGK86QSLJ_lEIEfqdNHb7hsJ,,,,,,
25/07/2025 14:13:00,SANTA CASA DE MISERICORDIA DE SÃƒO JOAQUIM DA BARRA,2080044,25/07/2025,,43,31,16,8,10,5,7,4,4,2,2,0,8,7,2,1,0,0,0,0,12,2,8,0,,0,0,0,0,https://drive.google.com/open?id=1DSMg6Vm7-0j6Iy-MYtKMsJCU9bKSq24X,,,,,,
26/07/2025 12:12:00,Santa Casa Ituverava,2751704,26.07.2025,,30,24,19,5,11,4,8,2,5,1,3,0,9,10,1,0,0,0,0,0,12,2,9,2,,0,0,0,0,https://drive.google.com/open?id=1IH0rB8vNIvcrhqLA_UDCXHgUnwoCBbJp,,,,,,
26/07/2025 15:52:00,SANTA CASA DE MISERICORDIA DE SÃƒO JOAQUIM DA BARRA,2080044,26/07/2025,,43,26,16,10,10,3,7,3,4,0,2,0,8,7,2,1,0,0,0,0,12,0,8,0,,0,0,0,0,https://drive.google.com/open?id=1QxX4g3ykPQHeLPvj5rcCBE2sqsVJqOZH,,,,,,
28/07/2025 08:05:00,Santa Casa de Franca,2705982,26.07.2025,,115,109,8,8,81,58,14,1,24,26,0,0,48,43,2,2,24,13,1,1,36,34,0,0,,18,0,9,0,https://drive.google.com/open?id=1onXLQ_be_gO_F2ODVPPRld4UULGmGfUL,,,,,,
27/07/2025 11:53:00,SANTA CASA DE MISERICORDIA DE ITUVERAVA,2751704,27/07/2025,,30,21,19,6,11,5,8,0,5,0,3,0,9,10,1,1,0,0,0,0,12,0,9,0,,0,0,0,0,https://drive.google.com/open?id=1ZIhVQ7s8FBRZ6UjDcbH76UK8dcmcMAYi,,,,,,
28/07/2025 11:06:00,Santa Casa de Franca,2705982,27.07.2025,,115,99,8,8,81,64,14,8,24,22,0,0,48,42,2,2,24,11,1,0,36,22,0,0,,18,0,10,0,https://drive.google.com/open?id=1GwMqJj8iv9hjQA3qdGvEkRby6HEXJXlA,,,,,,
28/07/2025 11:14:00,Santa Casa de Franca,2705982,28/07/2025,,115,106,8,8,81,78,14,9,24,26,0,0,48,40,2,2,24,10,1,1,36,23,0,0,,18,0,8,0,https://drive.google.com/open?id=1YSDPNd6CdoMuIzjZxr8LLID5zqL5eve6,,,,,,
28/07/2025 11:51:00,Santa Casa Ituverava,2751704,28.07.2025,,30,29,19,5,11,1,8,0,5,0,3,1,9,10,1,0,0,0,0,0,12,4,9,0,,0,0,0,0,https://drive.google.com/open?id=1bnrDhzrtNt9rZ_JDjk_8f2u3AnV6MVHc,,,,,,
28/07/2025 14:23:00,SANTA CASA DE MISERICORDIA DE SÃƒO JOAQUIM DA BARRA,2080044,28/07/2025,,43,30,16,12,10,6,7,6,4,0,2,0,8,6,2,4,0,0,0,0,12,1,8,0,,0,0,0,0,https://drive.google.com/open?id=16XxvCyERK_t5_ELKs73hrheYkEZlaJ2J,,,,,,
14/08/2025 16:48:33,SANTA CASA DE MISERICORDIA DE SÃO JOAQUIM DA BARRA ,2080044,14.08.2025,,43,24,13,3,10,12,7,3,10,2,2,0,8,6,2,1,0,0,0,0,12,1,8,0,0,0,0,0,0,,,,,,,
15/08/2025 14:42:20,SANTA CASA DE MISERICORDIA DE SÃO JOAQUIM DA BARRA,2080044,15.08.2025,,43,23,16,7,10,10,7,3,4,0,2,0,8,4,2,0,0,0,0,0,12,0,8,0,0,0,0,0,0,https://drive.google.com/open?id=15nCJSXhti0qHRAcYEnJk4dHIuZ6USa-c,,,,,,
16/08/2025 14:25:27,SANTA CASA DE MISERICÓRDIA DE SÃO JOAQUIM DA BARRA ,2080044,16.08.2025,,43,14,13,4,10,6,7,2,10,1,2,0,8,4,2,2,0,0,0,0,12,1,6,1,0,0,0,0,0,,,,,,,
19/08/2025 14:12:39,SANTA CASA DE MISERICORDIA DE SÃO JOAQUIM DA BARRA ,2080044,19.08.2025,,43,25,16,8,10,7,7,7,4,2,2,0,8,6,2,2,0,0,0,0,12,1,8,0,0,0,0,0,0,,,,,,,
20/08/2025 11:15:54,Santa Casa de Franca,2705982,20/08/2025,,115,116,8,8,81,94,14,6,24,23,0,0,48,40,2,2,24,13,0,0,36,38,0,0,1,18,0,12,0,,,,,,,
20/08/2025 14:13:48,SANTA CASA DE MISERICORDIA DE SÃO JOAQUIM DA BARRA ,2080044,20.08.2025,,43,28,13,7,10,9,7,8,8,2,2,0,8,7,2,1,0,0,0,0,12,2,8,0,0,0,0,0,0,,,,,,,
21/08/2025 11:20:29,Santa Casa de Franca,2705982,21/08/2025,,115,108,8,5,81,95,14,4,24,22,0,0,48,45,2,2,24,20,1,0,36,37,0,0,1,18,0,13,0,,,,,,,
21/08/2025 13:55:00,SANTA CASA DE MISERICORDIA DE SÃO JOAQUIM DA BARRA ,2080044,21.08.2025,,43,33,13,7,10,7,7,9,10,2,2,0,8,8,2,4,0,0,0,0,12,2,8,0,0,0,0,0,0,,,,,,,
22/08/2025 11:11:28,Santa Casa de Franca,2705982,22/08/2025,,115,115,8,3,81,84,14,9,24,26,0,0,48,45,2,2,24,20,0,0,36,36,0,0,0,18,0,12,0,,,,,,,
22/08/2025 14:16:41,SANTA CASA DE MISERICORDIA DE SÃO JOAQUIM DA BARRA ,2080044,22.08.2025,,43,34,13,8,10,3,7,6,10,1,2,0,8,0,2,4,0,0,0,0,12,1,8,0,0,0,0,0,0,,,,,,,
25/08/2025 08:13:28,Santa Casa de Franca,2705982,23/08/2025,,115,112,8,8,81,68,14,5,24,19,0,0,48,41,2,2,24,17,0,0,36,32,0,0,0,18,0,16,0,,,,,,,
25/08/2025 09:03:49,Santa Casa de Franca,2705982,24/08/2025,,115,120,8,8,81,60,14,8,24,24,0,0,48,41,2,2,24,14,0,0,36,30,0,0,0,18,0,14,0,,,,,,,
25/08/2025 09:42:15,SAnta Casa de Franca,2705982,25/08/2025,,115,121,8,8,81,65,14,8,24,24,0,0,48,44,2,2,24,14,1,0,36,29,0,0,0,18,0,14,0,,,,,,,
26/08/2025 11:54:00,Santa Casa de Franca,2705982,26/08/2025,,115,125,8,8,81,81,14,13,24,23,0,0,48,44,2,2,24,15,1,1,36,33,0,0,,18,0,17,0,,,,,,,
26/08/2025 15:44:59,SANTA CASA DE MISERICORDIA DE SÃO JOAQUIM DA BARRA ,2080044,26.08.2025,,43,32,13,8,10,7,7,7,8,3,2,0,8,4,2,5,0,0,0,0,12,1,8,0,0,0,0,0,0,,,,,,,
27/08/2025 14:29:57,Santa Casa de Franca,2705982,27/08/2025,,115,133,8,8,81,72,14,14,24,26,0,0,48,41,2,2,24,17,1,0,36,47,0,0,1,18,0,15,0,,,,,,,
27/08/2025 14:52:37,SANTA CASA DE MISERICORDIA DE SÃO JOAQUIM DA BARRA,2080044,27.08.2025,,43,32,10,9,10,9,7,2,4,8,4,2,8,3,2,4,0,0,0,0,12,1,8,0,0,0,0,0,0,,,,,,,
28/08/2025 11:05:11,SAnta Casa de FRanca,2705982,28/08/2025,,115,127,8,8,81,80,14,14,24,26,0,0,48,40,2,2,24,15,1,1,36,37,0,0,1,18,0,15,0,,,,,,,
28/08/2025 14:33:05,SANTA CASA DE MISERICORDIA DE SÃO JOAQUIM DA BARRA ,2080044,28.08.2025,,43,25,13,10,10,10,7,4,8,5,2,0,8,4,2,5,0,0,0,0,12,3,8,0,0,0,0,0,0,,,,,,,
29/08/2025 13:30:39,Santa Casa de FRanca,2705982,29/08/2025,,115,115,8,8,81,77,14,10,24,24,0,0,48,46,2,2,24,17,1,1,36,36,0,0,0,18,0,13,0,,,,,,,
01/09/2025 10:13:49,Santa Casa de Franca,2705982,01/09/2025,,115,117,8,5,81,76,14,2,24,28,0,0,48,41,2,1,24,13,1,1,36,31,0,0,0,18,0,13,0,,,,,,,
02/09/2025 11:44:42,Santa Casa de Franca,2705982,02/09/2025,,115,111,8,7,81,84,14,3,24,26,0,0,48,42,2,1,24,12,1,1,36,36,0,0,0,18,0,12,0,,,,,,,
03/09/2025 09:45:56,Santa Casa de Franca,2705982,03/09/2025,,115,110,8,7,81,88,14,7,24,25,0,0,48,42,2,1,24,12,0,0,36,36,0,0,0,18,0,12,,,,,,,,
03/09/2025 14:47:38,SANTA CASA DE MISERICORDIA DE SÃO JOAQUIM DA BARRA ,2080044,03.09.2025,,43,32,13,11,10,13,7,8,8,0,2,1,8,5,2,4,0,0,0,0,12,2,8,2,0,0,0,0,0,,,,,,,
04/09/2025 12:02:18,Fundação Santa Casa de Misericórdia de Franca,27059882,04/09/2025,,115,115,8,6,81,98,14,5,24,29,0,0,48,43,2,2,24,11,1,1,36,43,0,0,0,18,0,13,0,,,,,,,
05/09/2025 11:30:54,Fundação Santa Casa de Misericordia de Franca,2705982,05/09/2025,,115,96,8,5,81,83,14,2,24,24,0,0,48,46,2,2,24,14,1,1,36,40,0,0,0,18,0,12,0,,,,,,,
08/09/2025 10:46:00,Fundação Santa Casa de Misericordia de Franca,2705982,07/09/2025,,115,111,8,5,81,78,14,3,24,27,0,0,48,46,2,1,24,10,1,0,36,29,0,0,0,18,0,15,0,,,,,,,
08/09/2025 10:52:05,Fundação Santa Casa de Misericordia de Franca,2705982,08/09/2025,,115,115,8,4,81,85,14,3,24,30,0,0,48,44,2,2,24,11,1,0,36,29,0,0,0,18,0,14,0,,,,,,,
09/09/2025 10:55:49,Fundação Santa Casa de Misericordia de Franca,2705982,09/09/2025,,115,124,8,4,81,98,14,2,24,27,0,0,48,45,2,2,24,12,1,0,36,36,0,0,0,18,0,16,0,,,,,,,
10/09/2025 09:16:24,Santa Casa de Franca,2705982,10/09/2025,,115,117,8,3,81,97,14,6,24,20,0,0,48,45,2,2,24,10,1,0,36,44,0,0,0,16,0,0,0,,,,,,,
11/09/2025 15:31:19,Fundação Santa Casa de Misericórdia de Franca,2705982,11/09/2025,,115,111,8,3,81,91,14,3,24,20,0,0,48,44,2,2,24,10,1,1,36,39,0,0,0,18,0,16,0,,,,,,,
12/09/2025 09:38:03,Fundação Santa Casa de Misericórdia de Franca,2705982,12/09/2025,,115,104,8,5,81,86,14,4,24,21,0,0,48,43,2,2,24,10,1,1,36,48,0,0,0,18,0,17,0,,,,,,,
15/09/2025 11:06:50,Fundação Santa Casa de Misericordia de Franca,2705982,13/09/2025,,115,97,8,5,81,83,14,5,24,23,0,0,48,40,2,2,24,11,1,1,36,50,0,0,0,18,0,17,0,,,,,,,
15/09/2025 11:18:52,Fundação Santa Casa de Misericórdia de Franca,2705982,14/09/2025,,115,91,8,5,81,78,14,2,24,25,0,0,48,42,2,2,24,12,1,1,36,45,0,0,0,18,0,15,0,,,,,,,
15/09/2025 11:23:14,Fundação Santa Casa de Misericórdia de Franca,2705982,15/09/2025,,115,98,8,7,81,86,14,3,24,29,0,0,48,44,2,2,24,11,1,1,36,43,0,0,0,18,0,14,0,,,,,,,
16/09/2025 10:31:15,Fundação Santa Casa de Misericórdia de Franca,2705982,16/09/2025,,115,107,8,7,81,102,14,1,24,23,0,0,48,46,2,2,24,12,1,0,36,41,0,0,0,18,0,15,0,,,,,,,
17/09/2025 10:56:52,Fundação Santa Casa de Misericordia de Franca,2705982,17/09/2025,,115,106,8,7,81,102,14,4,24,22,0,0,48,43,2,2,24,11,1,0,36,41,0,0,0,18,0,15,0,,,,,,,
18/09/2025 09:14:41,Santa Casa de Franca,2705982,18/09/2025,,115,112,8,8,81,95,14,1,24,23,0,0,48,45,2,2,24,11,0,0,36,34,0,0,0,18,0,17,0,,,,,,,
18/09/2025 16:22:05,SANTA CASA DE MISERICORDIA DE SÃO JOAQUIM DA BARRA,2080044,18.09.2025,,43,22,13,6,10,5,7,4,8,3,2,1,8,7,2,5,0,0,0,0,12,3,8,1,0,0,0,0,0,,,,,,,
19/09/2025 10:49:39,Santa Casa de Franca,2705982,19/09/2025,,115,117,8,8,81,84,14,3,24,25,0,0,48,45,2,1,24,12,0,0,36,41,0,0,0,18,0,18,0,,,,,,,
19/09/2025 12:12:11,Santa Casa de Misericórdia de Ituverava,2751704,19/09/2025,,30,22,19,2,11,4,8,1,5,0,3,1,9,6,1,2,0,0,0,0,12,2,9,4,2,0,0,0,0,,,,,,,
19/09/2025 10:49:39,Santa Casa de Franca,2705982,19/09/2025,,115,117,8,8,81,84,14,3,24,25,0,0,48,45,2,1,24,12,0,0,36,41,0,0,0,18,0,18,0,,,,,,,
19/09/2025 12:12:11,Santa Casa de Misericórdia de Ituverava,2751704,19/09/2025,,30,22,19,2,11,4,8,1,5,0,3,1,9,6,1,2,0,0,0,0,12,2,9,4,2,0,0,0,0,,,,,,,
19/09/2025 16:47:09,SANTA CASA DE MISERICORDIA DE SÃO JOAQUIM DA BARRA,2080044,19.09.2025,,43,21,13,7,10,5,7,1,8,3,2,1,8,7,2,4,0,0,0,0,18,1,12,1,0,0,0,0,0,,,,,,,
20/09/2025 08:31:42,Santa Casa de Misericórdia de Ituverava,2751704,20/9/2025,,30,20,19,2,11,8,8,1,5,1,3,2,9,7,1,2,0,0,0,0,12,0,9,2,1,0,0,0,0,,,,,,,
22/09/2025 09:14:41,Santa Casa de Misericórdia de Ituverava,2751704,22/09/2025,,30,20,19,1,12,4,8,3,5,0,3,1,9,7,1,2,0,0,0,0,12,1,9,1,0,0,0,0,0,,,,,,,
22/09/2025 09:35:16,Fundação Santa Casa de Misericordia de Franca,2705982,20/09/2025,,115,108,8,8,81,66,14,8,24,22,0,0,48,47,2,1,24,11,1,0,36,39,0,0,0,18,0,18,0,,,,,,,
22/09/2025 09:39:09,Fundação Santa Casa de Misericordia de Franca,2705982,22/09/2025,,115,108,8,8,81,81,14,10,24,28,0,0,48,42,2,0,24,11,1,0,36,25,0,0,0,18,0,17,0,,,,,,,
22/09/2025 14:35:19,Fundação Santa Casa de Misericordia de Franca,2705982,21/09/2025,,115,107,8,8,81,62,14,7,24,25,0,0,48,44,2,1,24,12,1,0,36,33,0,0,0,18,0,18,0,,,,,,,
23/09/2025 10:06:20,Fundação Santa Casa de Misericordia de Franca,2705982,23/09/2025,,115,118,8,8,81,103,14,6,24,27,0,0,48,44,2,0,24,11,1,0,36,39,0,0,0,18,0,16,0,,,,,,,
23/09/2025 11:30:59,Santa Casa de Misericórdia de  Ituverava,2751704,23/09/2025,,30,17,19,1,11,5,8,3,5,2,3,1,9,9,1,1,0,0,0,0,12,2,9,1,0,0,0,0,0,,,,,,,
23/09/2025 15:17:49,SANTA CASA DE MISERICORDIA DE SÃO JOAQUIM DA BARRA,2080044,23.09.2025,,43,31,13,11,10,12,7,7,8,1,2,0,8,7,2,1,0,0,0,0,19,0,12,1,0,0,0,0,0,,,,,,,
24/09/2025 10:48:06,Fundação Santa Casa de Misericórdia de Franca,2705982,24/09/2025,,115,119,8,8,81,106,14,7,24,26,0,0,48,45,2,0,24,12,1,0,36,45,0,0,0,18,0,16,0,,,,,,,
24/09/2025 11:43:50,Santa Casa de Misericórdia de Ituverava,2751704,24/09/2025,,30,17,19,6,11,4,8,4,5,3,3,0,9,9,1,1,0,0,0,0,12,2,9,0,1 (Leito 202-1),0,0,0,0,,,,,,,
24/09/2025 15:07:37,SANTA CASA DE MISERICORDIA DE SÃO JOAQUIM DA BARRA,2080044,24.09.2025,,43,25,13,12,10,4,7,12,8,1,2,0,8,6,2,1,0,0,0,0,18,3,12,0,0,0,0,0,0,,,,,,,
25/09/2025 08:05:48,Santa Casa De Misericórdia de Ituverava,2751704,25/09/2025,,30,19,19,9,11,9,8,3,5,3,3,0,9,9,1,1,0,0,0,0,12,1,9,4,1,0,0,0,0,,,,,,,
25/09/2025 09:48:55,Fundação Santa Casa de Miséricordia de Franca,2705982,25/09/2025,,115,117,8,8,81,97,14,5,24,28,0,0,48,47,2,0,24,12,1,0,36,51,0,0,0,18,0,16,0,,,,,,,
25/09/2025 15:36:35,SANTA CASA DE MISERICORDIA DE SÃO JOAQUIM DA BARRA,2080044,25.09.2025,,43,25,13,10,10,7,7,6,8,0,2,1,8,7,2,1,0,0,0,0,18,3,12,0,0,0,0,0,0,,,,,,,
26/09/2025 10:26:33,Fundação Santa Casa de Misericórdia de Franca,2705982,26/09/2025,,115,120,8,8,81,89,14,5,24,28,0,0,48,46,2,1,24,13,1,0,36,50,0,0,0,18,0,14,0,,,,,,,
26/09/2025 12:40:02,Santa Casa de Misericórdia de   Ituverava,2751704,26/09/2025,,30,20,19,7,11,4,8,1,5,2,3,0,9,9,1,0,0,0,0,0,12,1,9,2,1,0,0,0,0,,,,,,,
29/09/2025 10:29:04,Santa Casa de Misericordia de  Ituverava,2751704,29/09/2025,,30,19,19,1,11,3,8,0,5,1,3,1,9,10,1,0,0,0,0,0,12,2,9,2,2,0,0,0,0,,,,,,,
29/09/2025 10:36:35,Fundação Santa Casa de Misericordia de Franca,2705982,27/09/2025,,115,113,8,8,81,69,14,7,24,26,0,0,48,41,2,1,24,11,1,0,36,49,0,0,0,18,0,15,0,,,,,,,
29/09/2025 10:42:09,Fundação Santa Casa de Misericórdia de Franca,2705982,29/09/2025,,115,110,8,8,81,75,14,8,24,25,0,0,48,42,2,1,24,12,1,0,36,38,0,0,0,18,0,12,0,,,,,,,
30/09/2025 08:14:49,Santa Casa de Misericórdia de Ituverava,2751704,30/09/2025,,30,24,19,5,11,7,8,2,5,1,3,0,9,7,1,0,0,0,0,0,12,4,9,1,2,0,0,0,0,,,,,,,
30/09/2025 11:38:34,Fundação Santa Casa de Misericórdia de Franca,2705982,30/09/2025,,115,113,8,8,81,87,14,4,24,27,0,0,48,44,2,1,24,10,1,0,36,45,0,0,0,18,0,13,0,,,,,,,
01/10/2025 08:36:52,Santa Casa de Misericórdia de Ituverava,2751704,01/10/2025,,30,24,19,6,11,4,8,5,5,1,3,0,9,5,1,1,0,0,0,0,12,3,9,0,1,0,0,0,0,,,,,,,
01/10/2025 09:44:46,Fundação Santa Casa de Misericórdia de Franca,2705982,01/10/2025,,115,110,8,8,81,94,14,8,24,25,0,0,48,46,2,2,24,10,1,0,36,45,0,0,0,18,0,13,0,,,,,,,
02/10/2025 10:37:44,Fundação Santa Casa de Misericórdia de Franca,2705982,02/10/2025,,115,111,8,8,81,81,14,12,24,24,0,0,48,41,2,2,24,11,1,0,36,49,0,0,0,18,0,13,0,,,,,,,
02/10/2025 12:51:33,Santa Casa de Misericórdia de Ituverava,2751704,02/10/2025,,30,21,19,4,12,2,8,4,5,1,3,0,9,9,1,1,0,0,0,0,12,2,9,1,2,0,0,0,0,,,,,,,
03/10/2025 09:13:49,Fundação Santa Casa de Misericórdia de Franca,2705982,03/10/2025,,115,106,8,8,81,85,14,11,24,21,0,0,48,43,2,2,24,13,1,0,36,49,0,0,0,18,0,14,0,,,,,,,
03/10/2025 12:50:18,Santa Casa de Misericórdia de Ituverava,2151704,03/10/2025,,30,25,19,5,11,2,8,0,5,2,3,0,9,9,1,1,0,0,0,0,12,2,9,0,2,0,0,0,0,,,,,,,
04/10/2025 09:17:52,Santa Casa de Misericórdia de Ituverava,2751704,04/10/2025,,30,25,19,3,11,3,8,0,5,3,3,0,9,9,1,1,0,0,0,0,12,3,8,0,2,0,0,0,0,,,,,,,
06/10/2025 09:15:13,Santa Casa de Misericórdia de Ituverava,2751704,06/10/2025,,30,28,19,3,11,5,8,1,5,2,3,0,9,9,1,1,0,0,0,0,12,2,9,0,1,0,0,0,0,,,,,,,
06/10/2025 10:46:14,Fundação Santa Casa de Misericórdia de Franca,2705982,04/10/2025,,115,107,8,8,81,65,14,5,24,26,0,0,48,44,2,2,24,13,1,0,36,41,0,0,0,18,0,9,0,,,,,,,
06/10/2025 10:50:35,Fundação Santa Casa de Misericórdia de Franca,2705982,05/10/2025,,115,102,8,8,81,57,14,2,24,24,0,0,48,44,2,2,24,15,1,0,36,31,0,0,0,18,0,5,0,,,,,,,
06/10/2025 10:59:11,Fundação Santa Casa de Misericórdia de Franca,2705982,06/10/2025,,115,111,8,8,81,78,14,3,24,28,0,0,48,40,2,2,24,14,1,1,36,38,0,0,0,18,0,5,0,,,,,,,
07/10/2025 10:04:11,Santa Casa de Misercordia de Ituverava,2751704,07/10/2025,,30,26,19,3,11,5,8,2,5,1,3,0,9,7,1,3,0,0,0,0,12,7,9,0,1,0,0,0,0,,,,,,,
07/10/2025 10:20:21,Fundação Santa Casa de Misericórdia de Franca,2705982,07/10/2025,,115,113,8,8,81,90,14,2,24,26,0,0,48,44,2,2,24,13,1,1,36,43,0,0,0,18,0,6,0,,,,,,,
08/10/2025 09:14:25,Santa Casa de Misericórdia de Ituverava,2751704,08/10/2025,,30,24,19,3,11,5,8,3,5,1,3,0,9,7,1,3,0,0,0,0,12,7,8,1,1,0,0,0,0,,,,,,,
08/10/2025 09:44:23,Fundação Santa Casa de Misericórdia de Franca,2705982,08/10/2025,,115,116,8,6,81,80,14,3,24,27,0,0,48,42,2,2,24,12,1,0,36,37,0,0,0,18,0,9,0,,,,,,,
09/10/2025 10:18:49,Santa Casa de Franca,2705982,09/10/2025,,115,110,8,6,81,80,14,6,24,27,0,0,48,39,2,2,24,15,0,0,36,41,0,0,1,18,0,9,0,,,,,,,
09/10/2025 11:42:43,Santa Casa de Misericórdia de Ituverava,2751704,09/10/2025,,30,22,19,3,11,2,8,2,5,1,3,0,9,8,1,2,0,0,0,0,12,5,9,2,2,0,0,0,0,,,,,,,
10/10/2025 09:16:26,Santa de Misericórdia de Ituverava,2751704,10/10/2025,,30,23,19,4,11,0,8,0,5,2,3,0,9,9,1,1,0,0,0,0,12,3,9,0,4,0,0,0,0,,,,,,,
10/10/2025 11:13:07,Santa Casa de Franca,2705982,10/10/2025,,115,105,8,7,81,78,14,7,24,27,0,0,48,42,2,2,24,13,0,0,36,37,0,0,0,18,0,9,0,,,,,,,
11/10/2025 08:14:39,Santa Casa de Misericórdia de Ituverava,2751704,11/10/2025,,30,24,19,3,11,0,8,1,5,1,3,0,9,9,1,1,0,0,0,0,12,1,8,0,4,0,0,0,0,,,,,,,
13/10/2025 10:07:07,Santa Casa de Franca,2705982,13/10/2025,,115,109,8,6,81,67,14,6,24,23,0,0,48,43,2,2,24,14,18,10,36,26,0,0,0,18,0,7,0,,,,,,,
13/10/2025 10:12:07,Santa Casa de Misericórdia de Ituverava,2751704,13/10/2025,,30,16,19,1,11,1,8,0,5,1,3,0,9,9,1,1,0,0,0,0,12,1,9,1,3,0,0,0,0,,,,,,,
14/10/2025 09:51:15,Santa Casa de Misericórdia de Ituverava,2751704,14/10/2025,,30,19,19,1,11,5,8,2,5,0,3,0,9,8,1,1,0,0,0,0,12,1,9,2,4,0,0,0,0,,,,,,,
14/10/2025 11:02:23,Fundação Santa Casa de Misericórdia de Franca,2705982,14/10/2025,,115,111,8,5,81,78,14,3,24,26,0,0,48,42,2,2,24,14,1,1,36,39,0,0,0,18,0,7,0,,,,,,,
15/10/2025 10:35:02,Fundação Santa Casa de Misericórdia de Franca,2705982,15/10/2025,,115,116,8,5,81,81,14,6,24,27,0,0,48,44,2,2,24,15,1,1,36,45,0,0,0,18,0,9,0,,,,,,,
15/10/2025 10:38:16,Santa Casa de Misericórdia de Ituverava,2751704,15/10/2025,,30,18,19,2,11,1,8,3,5,0,3,1,9,8,1,2,0,0,0,0,12,3,9,2,1,0,0,0,0,,,,,,,
16/10/2025 10:39:04,Fundação Santa Casa de Misericórdia de Franca,2705982,16/10/2025,,115,107,8,4,81,93,14,4,24,30,0,0,48,46,2,2,24,15,1,0,36,46,0,0,1,18,0,7,0,,,,,,,
16/10/2025 10:48:33,Santa Casa de Misericórdia de Ituverava,2751704,16/10/2025,,28,20,19,2,12,2,8,1,5,1,3,0,9,8,1,1,0,0,0,0,11,6,9,0,1,0,0,0,0,,,,,,,
17/10/2025 10:20:32,Santa Casa de Misericórdia de Ituverava,2751704,17/10/2025,,30,22,19,0,12,5,8,2,5,2,3,1,9,9,1,1,0,0,0,0,11,5,9,0,1,0,0,0,0,,,,,,,
17/10/2025 10:53:36,Santa Casa de Franca,2705982,17/10/2025,,115,122,8,4,81,84,14,7,24,28,0,0,48,45,2,2,24,13,0,0,36,46,0,0,0,18,0,9,0,,,,,,,
18/10/2025 10:11:32,Santa Casa de Misericórdia de Ituverava,2751704,18/10/2025,,30,22,19,2,11,2,8,2,5,1,3,0,9,8,1,1,0,0,0,0,11,2,9,0,1,0,0,0,0,,,,,,,
20/10/2025 09:41:59,Santa Casa de Misericórdia de Ituverava,2751704,20/10/2025,,33,23,19,4,12,2,8,0,5,2,3,0,9,7,1,1,0,0,0,0,11,1,9,0,2,0,0,0,0,,,,,,,
20/10/2025 10:32:59,Santa Casa de Franca,2705982,20/10/2025,,115,114,8,7,81,83,14,6,24,27,0,0,48,42,2,0,24,13,1,0,36,28,0,0,0,18,0,11,0,,,,,,,
21/10/2025 09:11:11,Santa Casa de Misericórdia de Ituverava,2751704,21/10/2025,,33,25,19,7,11,6,8,3,5,2,3,0,9,6,1,0,0,0,0,0,11,7,9,0,2,0,,0,0,,,,,,,
21/10/2025 11:39:59,Fundação Santa Casa de Misericórdia de Franca,2705982,21/10/2025,,115,115,8,7,81,93,14,4,24,29,0,0,48,45,2,1,24,14,1,0,36,33,0,0,0,18,0,12,0,,,,,,,
22/10/2025 08:11:38,Santa Casa de Misericordia de Ituverava,2751704,22/10/2025,,33,,19,10,11,2,8,5,5,3,3,0,9,8,1,0,0,0,0,0,11,7,9,1,2,0,0,0,0,,,,,,,
22/10/2025 11:57:35,Shayene Messias,2705982,22/10/2025,,115,110,8,8,81,99,14,5,24,29,0,0,48,43,2,2,24,14,1,0,36,31,0,0,1,18,0,12,0,,,,,,,
23/10/2025 09:29:00,Santa Casa de Franca,2705982,23/10/2025,,115,108,8,6,81,102,14,5,24,29,0,0,48,46,2,2,24,16,1,0,36,35,0,0,1,18,0,13,0,,,,,,,
23/10/2025 14:12:35,Santa Casa de Misericordia de Ituverava,2751704,23/10/2025,,33,25,19,5,11,4,8,6,5,2,3,0,9,10,1,0,0,0,0,0,11,2,9,1,2,0,0,0,0,,,,,,,
24/10/2025 08:42:31,Santa Casa de Misericórdia de Ituverava,2751704,24/10/2025,,33,22,19,6,11,4,8,4,5,2,3,0,9,10,1,0,0,0,0,0,11,1,9,2,2,0,0,0,0,,,,,,,
24/10/2025 10:31:04,Santa Casa de Franca,2705982,24/10/2025,,115,105,8,6,81,110,14,2,24,27,0,0,48,44,2,0,24,17,1,0,36,31,0,0,0,18,0,11,0,,,,,,,
25/10/2025 07:53:34,Santa Casa de Misericordia de Ituverava,2751704,25/10/2025,,33,14,19,4,11,2,8,1,5,1,3,0,9,9,1,1,0,0,0,0,11,0,9,0,1,0,0,0,0,,,,,,,
27/10/2025 07:52:27,Santa Casa de Misericordia de Ituv,2751704,27/10/2025,,33,19,19,4,11,0,8,2,5,3,3,0,9,8,1,1,0,0,0,0,11,2,9,1,0,0,0,0,0,,,,,,,
27/10/2025 11:32:43,Santa Casa de Franca,2705982,25/10/2025,,115,99,8,7,81,75,14,5,24,26,0,0,48,42,2,1,24,17,1,0,36,35,0,0,0,18,0,9,0,,,,,,,
27/10/2025 11:48:23,Santa Casa de Franca,2705982,26/10/2025,,115,79,8,6,81,71,14,2,24,27,0,0,48,43,2,0,24,16,1,0,36,41,0,0,0,18,0,10,0,,,,,,,
27/10/2025 13:34:35,Santa Casa de Franca,2705982,27/10/2025,,115,100,8,6,81,88,14,6,24,23,0,0,48,44,2,1,24,12,1,0,36,45,0,0,0,18,0,10,0,,,,,,,
28/10/2025 11:20:11,Santa Casa de Franca,2705982,28/10/2025,,115,99,8,8,81,103,14,11,24,25,0,0,48,40,2,1,24,11,1,0,36,44,0,0,0,18,0,12,0,,,,,,,
29/10/2025 09:45:01,Santa Casa de Misericórdia de Ituverava,2751704,29/10/2025,,33,17,19,7,12,3,8,5,5,1,3,0,9,9,1,1,0,0,0,0,11,3,9,1,1,0,0,0,0,,,,,,,
29/10/2025 10:48:44,Santa Casa de Franca,2705982,29/10/2025,,115,112,8,5,81,103,14,3,24,24,0,0,48,42,2,2,24,14,1,0,36,36,0,0,0,18,0,11,0,,,,,,,
30/10/2025 08:54:09,Santa Casa de Misericórdia de Ituverava,2751704,30/10/2025,,33,18,19,3,12,3,9,3,5,1,3,1,9,9,1,1,0,0,0,0,11,3,9,1,1,0,0,0,0,,,,,,,
30/10/2025 10:30:33,Santa Casa de Franca,2705982,30/10/2025,,115,88,8,5,81,106,14,14,24,28,0,0,48,39,2,2,24,13,1,0,36,35,0,0,,18,0,12,0,,,,,,,
31/10/2025 10:06:02,Santa Casa de Misericórdia de Ituverava,2751704,31/10/2025,,33,23,19,5,11,6,9,4,5,2,3,1,9,9,1,0,0,0,0,0,11,2,9,0,1,0,0,0,0,,,,,,,
31/10/2025 11:06:46,Fundação Santa Casa de Misericórdia de Franca,2705982,31/10/2025,,115,113,8,5,81,92,14,8,24,27,0,0,48,35,2,2,24,14,1,0,36,38,0,0,0,18,0,12,0,,,,,,,
1/11/2025 11:16:01,Santa Casa de Misericórdia de Ituverava,2751704,1/11/2025,,33,17,19,1,12,3,9,2,5,0,3,0,9,9,1,0,0,0,0,0,11,1,9,0,0,0,0,0,0,,,,,,,
3/11/2025 09:34:26,Santa Casa de Misericórdia de Ituverava,2751704,3/11/2025,,33,17,19,2,12,5,9,2,5,0,3,2,9,8,1,1,0,0,0,0,11,0,9,0,0,0,0,0,0,,,,,,,
3/11/2025 11:24:05,Fundação Santa Casa de Misericórdia de Franca,2705982,2/11/2025,,115,106,8,7,81,83,14,2,24,26,0,0,48,41,2,2,24,17,1,0,36,46,0,0,0,18,0,14,0,,,,,,,
3/11/2025 11:28:03,Fundação Santa Casa de Misericórdia de Franca,2705982,3/11/2025,,115,113,8,7,81,88,14,0,24,24,0,0,48,40,2,2,24,18,1,0,36,38,0,0,0,18,0,13,0,,,,,,,
4/11/2025 09:40:47,Santa Casa de Misericórdia de Ituverava,2751704,4/11/2025,,33,18,19,4,11,7,9,3,5,1,3,0,9,8,1,2,0,0,0,0,11,1,9,2,0,0,0,0,0,,,,,,,
4/11/2025 09:57:50,Fundação Santa Casa de Misericórdia de Franca,2705982,4/11/2025,,115,108,8,6,81,109,14,3,24,27,0,0,48,43,2,2,24,18,1,0,36,36,0,0,0,18,0,13,0,,,,,,,
5/11/2025 10:33:25,Santa Casa de Misericordia de Ituverava,2751704,5/11/2025,,33,17,19,4,11,4,9,9,5,1,3,0,9,8,1,1,0,0,0,0,11,1,9,3,1,0,0,0,0,,,,,,,
5/11/2025 11:13:12,Shayene Messias,2705982,5/11/2025,,115,104,8,8,81,105,14,2,24,27,0,0,48,40,2,2,24,16,1,0,36,28,0,0,0,18,0,11,0,,,,,,,
6/11/2025 09:55:18,Santa Casa de Misericórdia de Ituverava,2751704,6/11/2025,,33,18,19,3,11,3,9,5,5,1,3,0,9,9,1,1,0,0,0,0,11,1,9,3,1,0,0,0,0,,,,,,,
6/11/2025 14:59:10,Fundação Santa Casa de Misericórdia de Franca,2705982,6/11/2025,,115,111,8,7,81,99,14,3,24,25,0,0,48,39,2,2,24,12,1,0,36,31,0,0,0,18,0,8,0,,,,,,,
7/11/2025 11:14:24,Santa Casa de Misericórdia de Ituverava,2751704,7/11/2025,,33,20,19,3,11,6,9,1,5,1,3,0,9,9,1,1,0,0,0,0,11,3,9,3,1,0,0,0,0,,,,,,,
7/11/2025 11:35:44,Fundação Santa Casa de Misericórdia de Franca,2705982,7/11/2025,,115,94,8,6,81,103,14,2,24,27,0,0,48,34,2,2,24,14,1,0,36,38,0,0,0,18,0,10,0,,,,,,,
8/11/2025 09:22:02,Santa Casa de Misericórdia de Ituverava,2751704,8/11/2025,,33,17,19,4,11,2,9,2,5,0,3,0,9,7,1,0,0,0,0,0,11,1,9,2,1,0,0,0,0,,,,,,,
10/11/2025 10:05:12,Santa Casa de Misericordia de Ituverava,2751704,10/11/2025,,33,16,19,3,11,3,9,2,5,0,3,2,9,8,1,2,0,0,0,0,11,1,9,1,0,0,0,0,0,,,,,,,
10/11/2025 16:01:05,Fundação Santa Casa de Misericórdia de Franca,2705982,8/11/2025,,115,89,8,4,81,80,14,5,24,20,0,0,48,30,2,2,24,13,1,0,36,33,0,0,0,18,0,8,0,,,,,,,
10/11/2025 16:05:07,Fundação Santa Casa de Misericórdia de Franca,2705982,9/11/2025,,115,94,8,5,81,69,14,3,24,24,0,0,48,33,2,2,24,13,1,0,36,31,0,0,0,18,0,9,0,,,,,,,
10/11/2025 16:10:27,Fundação Santa Casa de Misericódia de Franca,2705982,10/11/2025,,115,97,8,6,81,83,14,3,24,22,0,0,48,31,2,2,24,14,1,0,36,37,0,0,0,18,0,9,0,,,,,,,
11/11/2025 08:10:12,Santa Casa de Misericórdia de Ituverava,2751704,11/11/2025,,33,17,19,3,11,4,9,0,5,0,3,1,9,7,1,3,0,0,0,0,11,1,9,2,0,0,0,0,0,,,,,,,
11/11/2025 13:29:12,Fundação Santa Casa de Misericórdia de Franca,2705982,11/11/2025,,115,91,8,7,81,88,14,3,24,20,0,0,48,33,2,2,24,13,1,0,36,40,0,0,0,18,0,10,0,,,,,,,
12/11/2025 08:24:43,Fundação Santa Casa de Misericórdia de Franca,2705982,12/11/2025,,115,104,8,6,81,86,14,4,24,20,0,0,48,32,2,2,24,14,1,1,36,38,0,0,0,18,0,9,0,,,,,,,
12/11/2025 08:56:33,Santa Casa de Misericórdia de Ituverava,2751704,12/11/2025,,33,22,19,6,11,4,9,2,5,0,3,0,9,7,1,3,0,0,0,0,11,3,9,1,0,0,0,0,0,,,,,,,
13/11/2025 07:38:45,Sana Casa de Misericordia de Ituverava,2751704,13/11/2025,,33,22,19,3,11,4,9,0,5,0,3,0,9,6,1,3,0,0,0,0,11,2,9,3,0,0,0,0,0,,,,,,,
13/11/2025 08:44:46,Fundação Santa Casa de Misericórdia de Franca,2705982,13/11/2025,,115,99,8,5,81,85,14,4,24,22,0,0,48,30,2,2,24,13,1,1,36,43,0,0,1,18,0,10,0,,,,,,,
14/11/2025 10:05:16,Santa Casa de Misericórdia Ituverava,2751704,14/11/2025,,33,16,19,4,11,2,9,2,5,0,3,0,9,7,1,3,0,0,0,0,11,1,9,4,0,0,0,0,0,,,,,,,
14/11/2025 14:01:27,Fundação Santa Casa de Misericórdia de Franca,2705982,14/11/2025,,115,100,8,6,81,84,14,5,24,18,0,0,48,28,2,1,24,12,1,0,36,45,0,0,0,18,0,13,0,,,,,,,
17/11/2025 08:27:26,Santa Casa de Misericórdia de Ituverava,2751704,17/11/2025,,33,8,19,5,11,3,9,0,5,0,3,2,9,8,1,2,0,0,0,0,11,4,9,1,0,0,0,0,0,,,,,,,
17/11/2025 08:51:23,Santa Casa de Franca,2705982,16/11/2025,,115,103,8,6,81,59,14,0,24,11,0,0,48,31,2,0,24,11,1,0,36,35,0,0,0,18,0,17,0,,,,,,,
17/11/2025 09:16:32,Santa Casa de Franca,2705982,17/11/2025,,115,111,8,6,81,74,14,3,24,18,0,0,48,30,2,0,24,12,1,0,36,26,0,0,0,18,0,17,0,,,,,,,
18/11/2025 08:40:02,Santa Casa de Misericórdia de Ituverava,2751704,18/11/2025,,33,11,19,5,11,4,9,2,5,0,3,1,9,9,1,1,0,0,0,0,11,4,9,2,0,0,0,0,0,,,,,,,
18/11/2025 12:44:17,Fundação Santa Casa de Misericórdia de Franca,2705982,18/11/2025,,115,107,8,6,81,94,14,2,24,17,0,0,48,35,2,1,24,15,1,0,36,31,0,0,0,18,0,17,0,,,,,,,